User Id,Full Name,Email Id,Contact No,password
469402,Raja,rocky_14594121295772_delhi@gmail.com,145941212,abc123
469403,Jayesh,rocky_14594121295773_delhi@gmail.com,145941213,abc123
469404,Ranjit,rocky_14594121295774_delhi@gmail.com,145941214,abc123
469405,Prabhat,rocky_14594121295775_delhi@gmail.com,145941215,abc123
469406,Prakash,rocky_14594121295776_delhi@gmail.com,145941216,abc123
469407,Vidhya,rocky_14594121295777_delhi@gmail.com,145941217,abc123
469408,Yash,rocky_14594121295778_delhi@gmail.com,145941218,abc123
469409,Gagan,rocky_14594121295779_delhi@gmail.com,145941219,abc123
469410,Vishwas,rocky_145941212957710_delhi@gmail.com,1459412110,abc123
469411,Ritu,rocky_145941212957711_delhi@gmail.com,14594121211,abc123
469412,Priya,rocky_145941212957712_delhi@gmail.com,14594121212,abc123
469413,Mohak,rocky_145941212957713_delhi@gmail.com,14594121213,abc123
469414,Jeevan,rocky_145941212957714_delhi@gmail.com,14594121214,abc123
469415,Shivika,rocky_145941212957715_delhi@gmail.com,14594121215,abc123
469416,Ritika,rocky_145941212957716_delhi@gmail.com,14594121216,abc123
469417,Isha,rocky_145941212957717_delhi@gmail.com,14594121217,abc123
469418,Sourabh,rocky_145941212957718_delhi@gmail.com,14594121218,abc123
469419,Akhilesh,rocky_145941212957719_delhi@gmail.com,14594121219,abc123
469420,Jayesh,rocky_145941212957720_delhi@gmail.com,14594121220,abc123
469421,Parul,rocky_145941212957721_delhi@gmail.com,14594121221,abc123
469422,Jatin,rocky_145941212957722_delhi@gmail.com,14594121222,abc123
469423,Pallavi,rocky_145941212957723_delhi@gmail.com,14594121223,abc123
469424,Pawan,rocky_145941212957724_delhi@gmail.com,14594121224,abc123
469425,Amit,rocky_145941212957725_delhi@gmail.com,14594121225,abc123
469426,Vijendra,rocky_145941212957726_delhi@gmail.com,14594121226,abc123
469427,Vedic,rocky_145941212957727_delhi@gmail.com,14594121227,abc123
469428,Vikalp,rocky_145941212957728_delhi@gmail.com,14594121228,abc123
469429,Vaibhav,rocky_145941212957729_delhi@gmail.com,14594121229,abc123
469430,Diwan,rocky_145941212957730_delhi@gmail.com,14594121230,abc123
469431,Sakshi,rocky_145941212957731_delhi@gmail.com,14594121231,abc123
469432,Dilip,rocky_145941212957732_delhi@gmail.com,14594121232,abc123
469433,Vijit,rocky_145941212957733_delhi@gmail.com,14594121233,abc123
469434,Daksh,rocky_145941212957734_delhi@gmail.com,14594121234,abc123
469435,Tarun,rocky_145941212957735_delhi@gmail.com,14594121235,abc123
469436,Nirbhay,rocky_145941212957736_delhi@gmail.com,14594121236,abc123
469437,Nitish,rocky_145941212957737_delhi@gmail.com,14594121237,abc123
469438,Sunny,rocky_145941212957738_delhi@gmail.com,14594121238,abc123
469439,Anubhav,rocky_145941212957739_delhi@gmail.com,14594121239,abc123
469440,Prabha,rocky_145941212957740_delhi@gmail.com,14594121240,abc123
469441,Vibhuti,rocky_145941212957741_delhi@gmail.com,14594121241,abc123
469442,Shekhar,rocky_145941212957742_delhi@gmail.com,14594121242,abc123
469443,Javed,rocky_145941212957743_delhi@gmail.com,14594121243,abc123
469444,Akash,rocky_145941212957744_delhi@gmail.com,14594121244,abc123
469445,Dipanshu,rocky_145941212957745_delhi@gmail.com,14594121245,abc123
469446,Ratan,rocky_145941212957746_delhi@gmail.com,14594121246,abc123
469447,Anand,rocky_145941212957747_delhi@gmail.com,14594121247,abc123
469448,Smiriti,rocky_145941212957748_delhi@gmail.com,14594121248,abc123
469449,Devika,rocky_145941212957749_delhi@gmail.com,14594121249,abc123
469450,Varsh,rocky_145941212957750_delhi@gmail.com,14594121250,abc123
469451,Swati,rocky_145941212957751_delhi@gmail.com,14594121251,abc123
469452,Prakul,rocky_145941212957752_delhi@gmail.com,14594121252,abc123
469453,Prashant,rocky_145941212957753_delhi@gmail.com,14594121253,abc123
469454,Vicky,rocky_145941212957854_delhi@gmail.com,14594121254,abc123
469455,Ravi,rocky_145941212957855_delhi@gmail.com,14594121255,abc123
469456,Arvind,rocky_145941212957856_delhi@gmail.com,14594121256,abc123
469457,Preeti,rocky_145941212957857_delhi@gmail.com,14594121257,abc123
469458,Sudeep,rocky_145941212957858_delhi@gmail.com,14594121258,abc123
469459,Vineet,rocky_145941212957859_delhi@gmail.com,14594121259,abc123
469460,Rajat,rocky_145941212957860_delhi@gmail.com,14594121260,abc123
469461,Anuj,rocky_145941212957861_delhi@gmail.com,14594121261,abc123
469462,Rachit,rocky_145941212957862_delhi@gmail.com,14594121262,abc123
469463,Anuja,rocky_145941212957863_delhi@gmail.com,14594121263,abc123
469464,Vijit,rocky_145941212957864_delhi@gmail.com,14594121264,abc123
469465,Neha,rocky_145941212957865_delhi@gmail.com,14594121265,abc123
469466,Dhananjay,rocky_145941212957866_delhi@gmail.com,14594121266,abc123
469467,Ritik,rocky_145941212957867_delhi@gmail.com,14594121267,abc123
469468,Nitish,rocky_145941212957868_delhi@gmail.com,14594121268,abc123
469469,Siksha,rocky_145941212957869_delhi@gmail.com,14594121269,abc123
469470,Tapan,rocky_145941212957870_delhi@gmail.com,14594121270,abc123
469471,Vaidya,rocky_145941212957871_delhi@gmail.com,14594121271,abc123
469472,Tejaswi,rocky_145941212957872_delhi@gmail.com,14594121272,abc123
469473,Rakesh,rocky_145941212957873_delhi@gmail.com,14594121273,abc123
469474,Manish,rocky_145941212957874_delhi@gmail.com,14594121274,abc123
469475,Reewa,rocky_145941212957875_delhi@gmail.com,14594121275,abc123
469476,Jayant,rocky_145941212957876_delhi@gmail.com,14594121276,abc123
469477,Aniket,rocky_145941212957877_delhi@gmail.com,14594121277,abc123
469478,Manika,rocky_145941212957878_delhi@gmail.com,14594121278,abc123
469479,Shivam,rocky_145941212957879_delhi@gmail.com,14594121279,abc123
469480,Devik,rocky_145941212957880_delhi@gmail.com,14594121280,abc123
469481,Deep,rocky_145941212957881_delhi@gmail.com,14594121281,abc123
469482,Suraj,rocky_145941212957882_delhi@gmail.com,14594121282,abc123
469483,Ritu,rocky_145941212957883_delhi@gmail.com,14594121283,abc123
469484,Rima,rocky_145941212957884_delhi@gmail.com,14594121284,abc123
469485,Virat,rocky_145941212957885_delhi@gmail.com,14594121285,abc123
469486,Sailesh,rocky_145941212957886_delhi@gmail.com,14594121286,abc123
469487,Harish,rocky_145941212957887_delhi@gmail.com,14594121287,abc123
469488,Aman,rocky_145941212957888_delhi@gmail.com,14594121288,abc123
469489,Avneesh,rocky_145941212957889_delhi@gmail.com,14594121289,abc123
469490,Radhika,rocky_145941212957890_delhi@gmail.com,14594121290,abc123
469491,Kshitij,rocky_145941212957891_delhi@gmail.com,14594121291,abc123
469492,Rajveer,rocky_145941212957892_delhi@gmail.com,14594121292,abc123
469493,Abhimaan,rocky_145941212957893_delhi@gmail.com,14594121293,abc123
469494,Ayush,rocky_145941212957894_delhi@gmail.com,14594121294,abc123
469495,Dakshika,rocky_145941212957895_delhi@gmail.com,14594121295,abc123
469496,Vertika,rocky_145941212957896_delhi@gmail.com,14594121296,abc123
469497,Varsh,rocky_145941212957897_delhi@gmail.com,14594121297,abc123
469498,Shamita,rocky_145941212957898_delhi@gmail.com,14594121298,abc123
469499,Ram,rocky_145941212957899_delhi@gmail.com,14594121299,abc123
469500,Kritika,rocky_1459412129578100_delhi@gmail.com,14594121300,abc123
469501,Vishal,rocky_1459412129578101_delhi@gmail.com,14594121301,abc123
469502,Nikhil,rocky_1459412129578102_delhi@gmail.com,14594121302,abc123
469503,Shaan,rocky_1459412129578103_delhi@gmail.com,14594121303,abc123
469504,Neerja,rocky_1459412129578104_delhi@gmail.com,14594121304,abc123
469505,Pankaj,rocky_1459412129578105_delhi@gmail.com,14594121305,abc123
469506,Anjali,rocky_1459412129578106_delhi@gmail.com,14594121306,abc123
469507,Vinayak,rocky_1459412129578107_delhi@gmail.com,14594121307,abc123
469508,Harry,rocky_1459412129578108_delhi@gmail.com,14594121308,abc123
469509,Kartik,rocky_1459412129578109_delhi@gmail.com,14594121309,abc123
469510,Aadesh,rocky_1459412129578110_delhi@gmail.com,14594121310,abc123
469511,Naksh,rocky_1459412129578111_delhi@gmail.com,14594121311,abc123
469512,Supriya,rocky_1459412129579112_delhi@gmail.com,14594121312,abc123
469513,Kishore,rocky_1459412129579113_delhi@gmail.com,14594121313,abc123
469514,Tushar,rocky_1459412129579114_delhi@gmail.com,14594121314,abc123
469515,Akash,rocky_1459412129579115_delhi@gmail.com,14594121315,abc123
469516,Vinny,rocky_1459412129579116_delhi@gmail.com,14594121316,abc123
469517,Jitesh,rocky_1459412129579117_delhi@gmail.com,14594121317,abc123
469518,Sameer,rocky_1459412129579118_delhi@gmail.com,14594121318,abc123
469519,Aadesh,rocky_1459412129579119_delhi@gmail.com,14594121319,abc123
469520,Mayank,rocky_1459412129579120_delhi@gmail.com,14594121320,abc123
469521,Utkarsh,rocky_1459412129579121_delhi@gmail.com,14594121321,abc123
469522,Ayushi,rocky_1459412129579122_delhi@gmail.com,14594121322,abc123
469523,Deeksha,rocky_1459412129579123_delhi@gmail.com,14594121323,abc123
469524,Parikshit,rocky_1459412129579124_delhi@gmail.com,14594121324,abc123
469525,Diwakar,rocky_1459412129579125_delhi@gmail.com,14594121325,abc123
469526,Vishnu,rocky_1459412129579126_delhi@gmail.com,14594121326,abc123
469527,Prabhakar,rocky_1459412129579127_delhi@gmail.com,14594121327,abc123
469528,Adhir,rocky_1459412129579128_delhi@gmail.com,14594121328,abc123
469529,Ajay,rocky_1459412129579129_delhi@gmail.com,14594121329,abc123
469530,Vraksh,rocky_1459412129579130_delhi@gmail.com,14594121330,abc123
469531,Puneet,rocky_1459412129579131_delhi@gmail.com,14594121331,abc123
469532,Shekher,rocky_1459412129579132_delhi@gmail.com,14594121332,abc123
469533,Aryan,rocky_1459412129580133_delhi@gmail.com,14594121333,abc123
469534,Ridhima,rocky_1459412129580134_delhi@gmail.com,14594121334,abc123
469535,Vaidh,rocky_1459412129580135_delhi@gmail.com,14594121335,abc123
469536,Nisha,rocky_1459412129580136_delhi@gmail.com,14594121336,abc123
469537,Abhi,rocky_1459412129580137_delhi@gmail.com,14594121337,abc123
469538,Vigyan,rocky_1459412129580138_delhi@gmail.com,14594121338,abc123
469539,Divyanshu,rocky_1459412129580139_delhi@gmail.com,14594121339,abc123
469540,Ankita,rocky_1459412129580140_delhi@gmail.com,14594121340,abc123
469541,Viraj,rocky_1459412129580141_delhi@gmail.com,14594121341,abc123
469542,Sumeet,rocky_1459412129580142_delhi@gmail.com,14594121342,abc123
469543,Ansh,rocky_1459412129580143_delhi@gmail.com,14594121343,abc123
469544,Vansh,rocky_1459412129580144_delhi@gmail.com,14594121344,abc123
469545,Devansh,rocky_1459412129580145_delhi@gmail.com,14594121345,abc123
469546,Niranjan,rocky_1459412129580146_delhi@gmail.com,14594121346,abc123
469547,Nilesh,rocky_1459412129580147_delhi@gmail.com,14594121347,abc123
469548,Faisal,rocky_1459412129580148_delhi@gmail.com,14594121348,abc123
469549,Aashima,rocky_1459412129580149_delhi@gmail.com,14594121349,abc123
469550,Dipanshu,rocky_1459412129580150_delhi@gmail.com,14594121350,abc123
469551,Akshat,rocky_1459412129580151_delhi@gmail.com,14594121351,abc123
469552,Advit,rocky_1459412129580152_delhi@gmail.com,14594121352,abc123
469553,Vipul,rocky_1459412129580153_delhi@gmail.com,14594121353,abc123
469554,Rajnish,rocky_1459412129580154_delhi@gmail.com,14594121354,abc123
469555,Ankur,rocky_1459412129580155_delhi@gmail.com,14594121355,abc123
469556,Jeevan,rocky_1459412129580156_delhi@gmail.com,14594121356,abc123
469557,Sarthi,rocky_1459412129580157_delhi@gmail.com,14594121357,abc123
469558,Vibha,rocky_1459412129580158_delhi@gmail.com,14594121358,abc123
469559,Shakti,rocky_1459412129580159_delhi@gmail.com,14594121359,abc123
469560,Rishabh,rocky_1459412129580160_delhi@gmail.com,14594121360,abc123
469561,Girish,rocky_1459412129580161_delhi@gmail.com,14594121361,abc123
469562,Dharam,rocky_1459412129580162_delhi@gmail.com,14594121362,abc123
469563,Vertika,rocky_1459412129580163_delhi@gmail.com,14594121363,abc123
469564,Vaibhav,rocky_1459412129580164_delhi@gmail.com,14594121364,abc123
469565,Vishal,rocky_1459412129580165_delhi@gmail.com,14594121365,abc123
469566,Sudhakar,rocky_1459412129580166_delhi@gmail.com,14594121366,abc123
469567,Deepesh,rocky_1459412129580167_delhi@gmail.com,14594121367,abc123
469568,Ranjeet,rocky_1459412129580168_delhi@gmail.com,14594121368,abc123
469569,Vivek,rocky_1459412129580169_delhi@gmail.com,14594121369,abc123
469570,Samarth,rocky_1459412129580170_delhi@gmail.com,14594121370,abc123
469571,Kavita,rocky_1459412129580171_delhi@gmail.com,14594121371,abc123
469572,Vikrant,rocky_1459412129580172_delhi@gmail.com,14594121372,abc123
469573,Vedant,rocky_1459412129580173_delhi@gmail.com,14594121373,abc123
469574,Jignesh,rocky_1459412129580174_delhi@gmail.com,14594121374,abc123
469575,Jagdish,rocky_1459412129580175_delhi@gmail.com,14594121375,abc123
469576,Vikalp,rocky_1459412129580176_delhi@gmail.com,14594121376,abc123
469577,Dikshant,rocky_1459412129580177_delhi@gmail.com,14594121377,abc123
469578,Adhiraj,rocky_1459412129580178_delhi@gmail.com,14594121378,abc123
469579,Nitish,rocky_1459412129580179_delhi@gmail.com,14594121379,abc123
469580,Sikha,rocky_1459412129580180_delhi@gmail.com,14594121380,abc123
469581,Pradeep,rocky_1459412129580181_delhi@gmail.com,14594121381,abc123
469582,Ridhima,rocky_1459412129580182_delhi@gmail.com,14594121382,abc123
469583,Pratap,rocky_1459412129580183_delhi@gmail.com,14594121383,abc123
469584,Parul,rocky_1459412129580184_delhi@gmail.com,14594121384,abc123
469585,Yuvraj,rocky_1459412129581185_delhi@gmail.com,14594121385,abc123
469586,Naitik,rocky_1459412129581186_delhi@gmail.com,14594121386,abc123
469587,Siddharth,rocky_1459412129581187_delhi@gmail.com,14594121387,abc123
469588,Aarti,rocky_1459412129581188_delhi@gmail.com,14594121388,abc123
469589,Anshika,rocky_1459412129581189_delhi@gmail.com,14594121389,abc123
469590,Rishi,rocky_1459412129581190_delhi@gmail.com,14594121390,abc123
469591,Neha,rocky_1459412129581191_delhi@gmail.com,14594121391,abc123
469592,Avantika,rocky_1459412129581192_delhi@gmail.com,14594121392,abc123
469593,Kamal,rocky_1459412129581193_delhi@gmail.com,14594121393,abc123
469594,Anirudh,rocky_1459412129581194_delhi@gmail.com,14594121394,abc123
469595,Himanshu,rocky_1459412129581195_delhi@gmail.com,14594121395,abc123
469596,Rimmi,rocky_1459412129581196_delhi@gmail.com,14594121396,abc123
469597,Hardik,rocky_1459412129581197_delhi@gmail.com,14594121397,abc123
469598,Kamal,rocky_1459412129581198_delhi@gmail.com,14594121398,abc123
469599,Amisha,rocky_1459412129581199_delhi@gmail.com,14594121399,abc123
469600,Aayush,rocky_1459412129581200_delhi@gmail.com,14594121400,abc123
469601,Hardeep,rocky_1459412129581201_delhi@gmail.com,14594121401,abc123
469602,Anjali,rocky_1459412129581202_delhi@gmail.com,14594121402,abc123
469603,Aradhna,rocky_1459412129581203_delhi@gmail.com,14594121403,abc123
469604,Chirag,rocky_1459412129581204_delhi@gmail.com,14594121404,abc123
469605,Shivam,rocky_1459412129581205_delhi@gmail.com,14594121405,abc123
469606,Gautam,rocky_1459412129581206_delhi@gmail.com,14594121406,abc123
469607,Dheeraj,rocky_1459412129581207_delhi@gmail.com,14594121407,abc123
469608,Tanuj,rocky_1459412129581208_delhi@gmail.com,14594121408,abc123
469609,Manav,rocky_1459412129581209_delhi@gmail.com,14594121409,abc123
469610,Geetika,rocky_1459412129581210_delhi@gmail.com,14594121410,abc123
469611,Rajnish,rocky_1459412129581211_delhi@gmail.com,14594121411,abc123
469612,Swati,rocky_1459412129581212_delhi@gmail.com,14594121412,abc123
469613,Nitika,rocky_1459412129581213_delhi@gmail.com,14594121413,abc123
469614,Tulika,rocky_1459412129581214_delhi@gmail.com,14594121414,abc123
469615,Jai,rocky_1459412129581215_delhi@gmail.com,14594121415,abc123
469616,Krishna,rocky_1459412129581216_delhi@gmail.com,14594121416,abc123
469617,Vanshika,rocky_1459412129581217_delhi@gmail.com,14594121417,abc123
469618,Aman,rocky_1459412129581218_delhi@gmail.com,14594121418,abc123
469619,Deepti,rocky_1459412129581219_delhi@gmail.com,14594121419,abc123
469620,Arvind,rocky_1459412129581220_delhi@gmail.com,14594121420,abc123
469621,Raja,rocky_1459412129581221_delhi@gmail.com,14594121421,abc123
469622,Vyas,rocky_1459412129581222_delhi@gmail.com,14594121422,abc123
469623,Vinamra,rocky_1459412129581223_delhi@gmail.com,14594121423,abc123
469624,Nandita,rocky_1459412129581224_delhi@gmail.com,14594121424,abc123
469625,Arjun,rocky_1459412129581225_delhi@gmail.com,14594121425,abc123
469626,Shaswat,rocky_1459412129581226_delhi@gmail.com,14594121426,abc123
469627,Raman,rocky_1459412129581227_delhi@gmail.com,14594121427,abc123
469628,Ajit,rocky_1459412129581228_delhi@gmail.com,14594121428,abc123
469629,Hari,rocky_1459412129581229_delhi@gmail.com,14594121429,abc123
469630,Rakesh,rocky_1459412129581230_delhi@gmail.com,14594121430,abc123
469631,Shrutika,rocky_1459412129581231_delhi@gmail.com,14594121431,abc123
469632,Faaz,rocky_1459412129581232_delhi@gmail.com,14594121432,abc123
469633,Anjani,rocky_1459412129581233_delhi@gmail.com,14594121433,abc123
469634,Navneet,rocky_1459412129581234_delhi@gmail.com,14594121434,abc123
469635,Rishu,rocky_1459412129581235_delhi@gmail.com,14594121435,abc123
469636,Bhavesh,rocky_1459412129581236_delhi@gmail.com,14594121436,abc123
469637,Astha,rocky_1459412129581237_delhi@gmail.com,14594121437,abc123
469638,Rekha,rocky_1459412129581238_delhi@gmail.com,14594121438,abc123
469639,Pooja,rocky_1459412129581239_delhi@gmail.com,14594121439,abc123
469640,Anil,rocky_1459412129581240_delhi@gmail.com,14594121440,abc123
469641,Rashid,rocky_1459412129582241_delhi@gmail.com,14594121441,abc123
469642,Tony,rocky_1459412129582242_delhi@gmail.com,14594121442,abc123
469643,Dhruv,rocky_1459412129582243_delhi@gmail.com,14594121443,abc123
469644,Vishal,rocky_1459412129582244_delhi@gmail.com,14594121444,abc123
469645,Ashok,rocky_1459412129582245_delhi@gmail.com,14594121445,abc123
469646,Ricky,rocky_1459412129582246_delhi@gmail.com,14594121446,abc123
469647,Randeep,rocky_1459412129582247_delhi@gmail.com,14594121447,abc123
469648,Amitabh,rocky_1459412129582248_delhi@gmail.com,14594121448,abc123
469649,Rimmi,rocky_1459412129582249_delhi@gmail.com,14594121449,abc123
469650,Utsav,rocky_1459412129582250_delhi@gmail.com,14594121450,abc123
469651,Sanchit,rocky_1459412129582251_delhi@gmail.com,14594121451,abc123
469652,Rupali,rocky_1459412129582252_delhi@gmail.com,14594121452,abc123
469653,Subhash,rocky_1459412129582253_delhi@gmail.com,14594121453,abc123
469654,Anita,rocky_1459412129582254_delhi@gmail.com,14594121454,abc123
469655,Nitish,rocky_1459412129582255_delhi@gmail.com,14594121455,abc123
469656,Chetan,rocky_1459412129582256_delhi@gmail.com,14594121456,abc123
469657,Neerja,rocky_1459412129582257_delhi@gmail.com,14594121457,abc123
469658,Shikhar,rocky_1459412129582258_delhi@gmail.com,14594121458,abc123
469659,Suraj,rocky_1459412129582259_delhi@gmail.com,14594121459,abc123
469660,Devik,rocky_1459412129582260_delhi@gmail.com,14594121460,abc123
469661,Diwan,rocky_1459412129582261_delhi@gmail.com,14594121461,abc123
469662,Dinesh,rocky_1459412129582262_delhi@gmail.com,14594121462,abc123
469663,Sanchita,rocky_1459412129582263_delhi@gmail.com,14594121463,abc123
469664,Mayank,rocky_1459412129582264_delhi@gmail.com,14594121464,abc123
469665,Prerna,rocky_1459412129582265_delhi@gmail.com,14594121465,abc123
469666,Sujal,rocky_1459412129582266_delhi@gmail.com,14594121466,abc123
469667,Chetan,rocky_1459412129582267_delhi@gmail.com,14594121467,abc123
469668,Shubhankar,rocky_1459412129582268_delhi@gmail.com,14594121468,abc123
469669,Vijayant,rocky_1459412129582269_delhi@gmail.com,14594121469,abc123
469670,Rachit,rocky_1459412129582270_delhi@gmail.com,14594121470,abc123
469671,Supreet,rocky_1459412129582271_delhi@gmail.com,14594121471,abc123
469672,Mahesh,rocky_1459412129582272_delhi@gmail.com,14594121472,abc123
469673,Riddhi,rocky_1459412129582273_delhi@gmail.com,14594121473,abc123
469674,Dev,rocky_1459412129582274_delhi@gmail.com,14594121474,abc123
469675,Vimal,rocky_1459412129582275_delhi@gmail.com,14594121475,abc123
469676,Aviral,rocky_1459412129582276_delhi@gmail.com,14594121476,abc123
469677,Tripti,rocky_1459412129582277_delhi@gmail.com,14594121477,abc123
469678,Vidyut,rocky_1459412129582278_delhi@gmail.com,14594121478,abc123
469679,Shreya,rocky_1459412129582279_delhi@gmail.com,14594121479,abc123
469680,Nishank,rocky_1459412129582280_delhi@gmail.com,14594121480,abc123
469681,Ajinkya,rocky_1459412129582281_delhi@gmail.com,14594121481,abc123
469682,Neharika,rocky_1459412129582282_delhi@gmail.com,14594121482,abc123
469683,Anjali,rocky_1459412129582283_delhi@gmail.com,14594121483,abc123
469684,Shaan,rocky_1459412129582284_delhi@gmail.com,14594121484,abc123
469685,Nidhi,rocky_1459412129582285_delhi@gmail.com,14594121485,abc123
469686,Sunita,rocky_1459412129582286_delhi@gmail.com,14594121486,abc123
469687,Rishi,rocky_1459412129582287_delhi@gmail.com,14594121487,abc123
469688,Dilip,rocky_1459412129582288_delhi@gmail.com,14594121488,abc123
469689,Amita,rocky_1459412129582289_delhi@gmail.com,14594121489,abc123
469690,Divyansh,rocky_1459412129582290_delhi@gmail.com,14594121490,abc123
469691,Ajit,rocky_1459412129582291_delhi@gmail.com,14594121491,abc123
469692,Nitish,rocky_1459412129582292_delhi@gmail.com,14594121492,abc123
469693,Vineet,rocky_1459412129582293_delhi@gmail.com,14594121493,abc123
469694,Dhanush,rocky_1459412129582294_delhi@gmail.com,14594121494,abc123
469695,Namrata,rocky_1459412129582295_delhi@gmail.com,14594121495,abc123
469696,Daksh,rocky_1459412129582296_delhi@gmail.com,14594121496,abc123
469697,Ajit,rocky_1459412129582297_delhi@gmail.com,14594121497,abc123
469698,Naitik,rocky_1459412129583298_delhi@gmail.com,14594121498,abc123
469699,Jeevansh,rocky_1459412129583299_delhi@gmail.com,14594121499,abc123
469700,Shreyansh,rocky_1459412129583300_delhi@gmail.com,14594121500,abc123
469701,Tanushka,rocky_1459412129583301_delhi@gmail.com,14594121501,abc123
469702,Riya,rocky_1459412129583302_delhi@gmail.com,14594121502,abc123
469703,Chirag,rocky_1459412129583303_delhi@gmail.com,14594121503,abc123
469704,Vineeta,rocky_1459412129583304_delhi@gmail.com,14594121504,abc123
469705,Ridhima,rocky_1459412129583305_delhi@gmail.com,14594121505,abc123
469706,Vidit,rocky_1459412129583306_delhi@gmail.com,14594121506,abc123
469707,Vaibhav,rocky_1459412129583307_delhi@gmail.com,14594121507,abc123
469708,Ankur,rocky_1459412129583308_delhi@gmail.com,14594121508,abc123
469709,Rachit,rocky_1459412129583309_delhi@gmail.com,14594121509,abc123
469710,Anuj,rocky_1459412129583310_delhi@gmail.com,14594121510,abc123
469711,Rituraj,rocky_1459412129583311_delhi@gmail.com,14594121511,abc123
469712,Ankush,rocky_1459412129583312_delhi@gmail.com,14594121512,abc123
469713,Sunny,rocky_1459412129583313_delhi@gmail.com,14594121513,abc123
469714,Purab,rocky_1459412129583314_delhi@gmail.com,14594121514,abc123
469715,Aradhna,rocky_1459412129583315_delhi@gmail.com,14594121515,abc123
469716,Urjita,rocky_1459412129583316_delhi@gmail.com,14594121516,abc123
469717,Jivisha,rocky_1459412129583317_delhi@gmail.com,14594121517,abc123
469718,Ricky,rocky_1459412129583318_delhi@gmail.com,14594121518,abc123
469719,Varsha,rocky_1459412129583319_delhi@gmail.com,14594121519,abc123
469720,Rahul,rocky_1459412129583320_delhi@gmail.com,14594121520,abc123
469721,Sameer,rocky_1459412129583321_delhi@gmail.com,14594121521,abc123
469722,Vinod,rocky_1459412129583322_delhi@gmail.com,14594121522,abc123
